List,Name,ID,Feature Type
AC-like,FABP7,ENSG00000164434,Gene Expression
AC-like,EGFR,ENSG00000146648,Gene Expression
AC-like,MT3,ENSG00000087250,Gene Expression
AC-like,GFAP,ENSG00000131095,Gene Expression
AC-like,PTN,ENSG00000105894,Gene Expression
AC-like,CHCHD2,ENSG00000106153,Gene Expression
AC-like,CLU,ENSG00000120885,Gene Expression
AC-like,CST3,ENSG00000101439,Gene Expression
AC-like,MIR9-1HG,ENSG00000125462,Gene Expression
AC-like,SEC61G,ENSG00000132432,Gene Expression
AC-like,DBI,ENSG00000155368,Gene Expression
AC-like,PTPRZ1,ENSG00000106278,Gene Expression
AC-like,CKB,ENSG00000166165,Gene Expression
AC-like,HOPX,ENSG00000171476,Gene Expression
AC-like,BCAN,ENSG00000132692,Gene Expression
AC-like,CRYAB,ENSG00000109846,Gene Expression
AC-like,NIPSNAP2,ENSG00000146729,Gene Expression
AC-like,ID3,ENSG00000117318,Gene Expression
AC-like,SPARCL1,ENSG00000152583,Gene Expression
AC-like,PMP2,ENSG00000147588,Gene Expression
AC-like,CNN3,ENSG00000117519,Gene Expression
AC-like,GPM6B,ENSG00000046653,Gene Expression
AC-like,NOVA1,ENSG00000139910,Gene Expression
AC-like,CCT6A,ENSG00000146731,Gene Expression
AC-like,MTRNR2L8,ENSG00000255823,Gene Expression
AC-like,AQP4,ENSG00000171885,Gene Expression
AC-like,IGFBP2,ENSG00000115457,Gene Expression
AC-like,VIM,ENSG00000026025,Gene Expression
AC-like,TTYH1,ENSG00000167614,Gene Expression
AC-like,RAMP1,ENSG00000132329,Gene Expression
AC-like,TUBB2B,ENSG00000137285,Gene Expression
AC-like,S100B,ENSG00000160307,Gene Expression
AC-like,METRN,ENSG00000103260,Gene Expression
AC-like,GAP43,ENSG00000172020,Gene Expression
AC-like,CALD1,ENSG00000122786,Gene Expression
AC-like,S100A16,ENSG00000188643,Gene Expression
AC-like,ID1,ENSG00000125968,Gene Expression
AC-like,NMB,ENSG00000197696,Gene Expression
AC-like,ID4,ENSG00000172201,Gene Expression
AC-like,FXYD6,ENSG00000137726,Gene Expression
AC-like,MT1X,ENSG00000187193,Gene Expression
AC-like,PDGFRA,ENSG00000134853,Gene Expression
AC-like,AGT,ENSG00000135744,Gene Expression
AC-like,PCSK1N,ENSG00000102109,Gene Expression
AC-like,SUMF2,ENSG00000129103,Gene Expression
AC-like,BAALC,ENSG00000164929,Gene Expression
AC-like,GATM,ENSG00000171766,Gene Expression
AC-like,NES,ENSG00000132688,Gene Expression
AC-like,TSC22D4,ENSG00000166925,Gene Expression
AC-like,GPM6A,ENSG00000150625,Gene Expression
MES-like,CHI3L1,ENSG00000133048,Gene Expression
MES-like,IGFBP5,ENSG00000115461,Gene Expression
MES-like,MT1X,ENSG00000187193,Gene Expression
MES-like,MT2A,ENSG00000125148,Gene Expression
MES-like,SEC61G,ENSG00000132432,Gene Expression
MES-like,CLU,ENSG00000120885,Gene Expression
MES-like,LGALS3,ENSG00000131981,Gene Expression
MES-like,SPARCL1,ENSG00000152583,Gene Expression
MES-like,HILPDA,ENSG00000135245,Gene Expression
MES-like,VEGFA,ENSG00000112715,Gene Expression
MES-like,IGFBP2,ENSG00000115457,Gene Expression
MES-like,AKAP12,ENSG00000131016,Gene Expression
MES-like,MT3,ENSG00000087250,Gene Expression
MES-like,MT1E,ENSG00000169715,Gene Expression
MES-like,IGFBP3,ENSG00000146674,Gene Expression
MES-like,CPE,ENSG00000109472,Gene Expression
MES-like,TIMP1,ENSG00000102265,Gene Expression
MES-like,NRN1,ENSG00000124785,Gene Expression
MES-like,VOPP1,ENSG00000154978,Gene Expression
MES-like,GAPDH,ENSG00000111640,Gene Expression
MES-like,SOD2,ENSG00000112096,Gene Expression
MES-like,ADM,ENSG00000148926,Gene Expression
MES-like,GFAP,ENSG00000131095,Gene Expression
MES-like,TCIM,ENSG00000176907,Gene Expression
MES-like,ANGPTL4,ENSG00000167772,Gene Expression
MES-like,CRYAB,ENSG00000109846,Gene Expression
MES-like,GAP43,ENSG00000172020,Gene Expression
MES-like,NDRG1,ENSG00000104419,Gene Expression
MES-like,CAV1,ENSG00000105974,Gene Expression
MES-like,CNN3,ENSG00000117519,Gene Expression
MES-like,NNMT,ENSG00000166741,Gene Expression
MES-like,S100A6,ENSG00000197956,Gene Expression
MES-like,VIM,ENSG00000026025,Gene Expression
MES-like,CCN1,ENSG00000142871,Gene Expression
MES-like,MAP1B,ENSG00000131711,Gene Expression
MES-like,CALD1,ENSG00000122786,Gene Expression
MES-like,CSRP2,ENSG00000175183,Gene Expression
MES-like,S100A10,ENSG00000197747,Gene Expression
MES-like,TNC,ENSG00000041982,Gene Expression
MES-like,GADD45A,ENSG00000116717,Gene Expression
MES-like,HSPA5,ENSG00000044574,Gene Expression
MES-like,SCG2,ENSG00000171951,Gene Expression
MES-like,SPARC,ENSG00000113140,Gene Expression
MES-like,EFEMP1,ENSG00000115380,Gene Expression
MES-like,OCIAD2,ENSG00000145247,Gene Expression
MES-like,LGALS1,ENSG00000100097,Gene Expression
MES-like,IFITM3,ENSG00000142089,Gene Expression
MES-like,MEG3,ENSG00000214548,Gene Expression
MES-like,MT1M,ENSG00000205364,Gene Expression
MES-like,DEPP1,ENSG00000165507,Gene Expression
OPC-like,PTPRZ1,ENSG00000106278,Gene Expression
OPC-like,BCAN,ENSG00000132692,Gene Expression
OPC-like,MTRNR2L8,ENSG00000255823,Gene Expression
OPC-like,TUBA1A,ENSG00000167552,Gene Expression
OPC-like,CKB,ENSG00000166165,Gene Expression
OPC-like,GPM6A,ENSG00000150625,Gene Expression
OPC-like,SCRG1,ENSG00000164106,Gene Expression
OPC-like,PTN,ENSG00000105894,Gene Expression
OPC-like,MIR9-1HG,ENSG00000125462,Gene Expression
OPC-like,TUBB2B,ENSG00000137285,Gene Expression
OPC-like,MARCKSL1,ENSG00000175130,Gene Expression
OPC-like,PMP2,ENSG00000147588,Gene Expression
OPC-like,NOVA1,ENSG00000139910,Gene Expression
OPC-like,H4C3,ENSG00000197061,Gene Expression
OPC-like,FXYD6,ENSG00000137726,Gene Expression
OPC-like,MAP2,ENSG00000078018,Gene Expression
OPC-like,SEC61G,ENSG00000132432,Gene Expression
OPC-like,OLIG1,ENSG00000184221,Gene Expression
OPC-like,TUBA1B,ENSG00000123416,Gene Expression
OPC-like,GAP43,ENSG00000172020,Gene Expression
OPC-like,SOX4,ENSG00000124766,Gene Expression
OPC-like,HES6,ENSG00000144485,Gene Expression
OPC-like,PFN2,ENSG00000070087,Gene Expression
OPC-like,DLL3,ENSG00000090932,Gene Expression
OPC-like,PDGFRA,ENSG00000134853,Gene Expression
OPC-like,S100B,ENSG00000160307,Gene Expression
OPC-like,IGFBP2,ENSG00000115457,Gene Expression
OPC-like,CDK4,ENSG00000135446,Gene Expression
OPC-like,METRN,ENSG00000103260,Gene Expression
OPC-like,TUBB,ENSG00000196230,Gene Expression
OPC-like,ETV1,ENSG00000006468,Gene Expression
OPC-like,TOP2A,ENSG00000131747,Gene Expression
OPC-like,DBI,ENSG00000155368,Gene Expression
OPC-like,CENPF,ENSG00000117724,Gene Expression
OPC-like,BEX1,ENSG00000133169,Gene Expression
OPC-like,STMN1,ENSG00000117632,Gene Expression
OPC-like,OS9,ENSG00000135506,Gene Expression
OPC-like,MDK,ENSG00000110492,Gene Expression
OPC-like,GPM6B,ENSG00000046653,Gene Expression
OPC-like,HMGB2,ENSG00000164104,Gene Expression
OPC-like,SCD5,ENSG00000145284,Gene Expression
OPC-like,HMGN2,ENSG00000198830,Gene Expression
OPC-like,H2AZ1,ENSG00000164032,Gene Expression
OPC-like,CCND2,ENSG00000118971,Gene Expression
OPC-like,MEST,ENSG00000106484,Gene Expression
OPC-like,NKAIN4,ENSG00000101198,Gene Expression
OPC-like,TSC22D4,ENSG00000166925,Gene Expression
OPC-like,ARL6IP1,ENSG00000170540,Gene Expression
OPC-like,PTTG1,ENSG00000164611,Gene Expression
OPC-like,RBP1,ENSG00000114115,Gene Expression
NPC-like,CDK4,ENSG00000135446,Gene Expression
NPC-like,RP11-620J15.3,ENSG00000257698,Gene Expression
NPC-like,TUBA1A,ENSG00000167552,Gene Expression
NPC-like,TUBB2B,ENSG00000137285,Gene Expression
NPC-like,SOX4,ENSG00000124766,Gene Expression
NPC-like,STMN1,ENSG00000117632,Gene Expression
NPC-like,MARCKSL1,ENSG00000175130,Gene Expression
NPC-like,STMN2,ENSG00000104435,Gene Expression
NPC-like,HES6,ENSG00000144485,Gene Expression
NPC-like,NNAT,ENSG00000053438,Gene Expression
NPC-like,RBP1,ENSG00000114115,Gene Expression
NPC-like,TSFM,ENSG00000123297,Gene Expression
NPC-like,MLLT11,ENSG00000213190,Gene Expression
NPC-like,UCHL1,ENSG00000154277,Gene Expression
NPC-like,MARCHF9,ENSG00000139266,Gene Expression
NPC-like,CKB,ENSG00000166165,Gene Expression
NPC-like,SOX11,ENSG00000176887,Gene Expression
NPC-like,TUBB,ENSG00000196230,Gene Expression
NPC-like,GPM6A,ENSG00000150625,Gene Expression
NPC-like,PFN2,ENSG00000070087,Gene Expression
NPC-like,PCSK1N,ENSG00000102109,Gene Expression
NPC-like,NOVA1,ENSG00000139910,Gene Expression
NPC-like,STMN4,ENSG00000015592,Gene Expression
NPC-like,FXYD6,ENSG00000137726,Gene Expression
NPC-like,BCAN,ENSG00000132692,Gene Expression
NPC-like,TSPAN31,ENSG00000135452,Gene Expression
NPC-like,HSPB1,ENSG00000106211,Gene Expression
NPC-like,DLL3,ENSG00000090932,Gene Expression
NPC-like,IGFBP2,ENSG00000115457,Gene Expression
NPC-like,NFIB,ENSG00000147862,Gene Expression
NPC-like,SCRG1,ENSG00000164106,Gene Expression
NPC-like,MEG3,ENSG00000214548,Gene Expression
NPC-like,TUBB2A,ENSG00000137267,Gene Expression
NPC-like,OLIG1,ENSG00000184221,Gene Expression
NPC-like,OS9,ENSG00000135506,Gene Expression
NPC-like,TCF4,ENSG00000196628,Gene Expression
NPC-like,OLIG2,ENSG00000205927,Gene Expression
NPC-like,BEX1,ENSG00000133169,Gene Expression
NPC-like,MAP2,ENSG00000078018,Gene Expression
NPC-like,SCG3,ENSG00000104112,Gene Expression
NPC-like,MAP1B,ENSG00000131711,Gene Expression
NPC-like,MTRNR2L8,ENSG00000255823,Gene Expression
NPC-like,GADD45G,ENSG00000130222,Gene Expression
NPC-like,TSC22D1,ENSG00000102804,Gene Expression
NPC-like,CD24,ENSG00000272398,Gene Expression
NPC-like,PTN,ENSG00000105894,Gene Expression
NPC-like,HSPD1,ENSG00000144381,Gene Expression
NPC-like,H4C3,ENSG00000197061,Gene Expression
NPC-like,MDM2,ENSG00000135679,Gene Expression
NPC-like,SCD5,ENSG00000145284,Gene Expression
Astrocyte,SLC1A2,ENSG00000110436,Gene Expression
Astrocyte,SPARCL1,ENSG00000152583,Gene Expression
Astrocyte,CPE,ENSG00000109472,Gene Expression
Astrocyte,ALDOC,ENSG00000109107,Gene Expression
Astrocyte,CLU,ENSG00000120885,Gene Expression
Astrocyte,SLC1A3,ENSG00000079215,Gene Expression
Astrocyte,AQP4,ENSG00000171885,Gene Expression
Astrocyte,ATP1A2,ENSG00000018625,Gene Expression
Astrocyte,GLUL,ENSG00000135821,Gene Expression
Astrocyte,ETNPPL,ENSG00000164089,Gene Expression
Astrocyte,NTRK2,ENSG00000148053,Gene Expression
Astrocyte,SERPINA3,ENSG00000196136,Gene Expression
Astrocyte,AGT,ENSG00000135744,Gene Expression
Astrocyte,SERPINE2,ENSG00000135919,Gene Expression
Astrocyte,ADGRV1,ENSG00000164199,Gene Expression
Astrocyte,PLPP3,ENSG00000162407,Gene Expression
Astrocyte,MGST1,ENSG00000008394,Gene Expression
Astrocyte,GPM6A,ENSG00000150625,Gene Expression
Astrocyte,DKK3,ENSG00000050165,Gene Expression
Astrocyte,FAM107A,ENSG00000168309,Gene Expression
Astrocyte,TSPAN7,ENSG00000156298,Gene Expression
Astrocyte,GPRC5B,ENSG00000167191,Gene Expression
Astrocyte,ITM2C,ENSG00000135916,Gene Expression
Astrocyte,WIF1,ENSG00000156076,Gene Expression
Astrocyte,GJA1,ENSG00000152661,Gene Expression
Astrocyte,NDRG2,ENSG00000165795,Gene Expression
Astrocyte,CXCL8,ENSG00000169429,Gene Expression
Astrocyte,IGFBP7,ENSG00000163453,Gene Expression
Astrocyte,F3,ENSG00000117525,Gene Expression
Astrocyte,CLDN10,ENSG00000134873,Gene Expression
Astrocyte,ATP1B2,ENSG00000129244,Gene Expression
Astrocyte,CST3,ENSG00000101439,Gene Expression
Astrocyte,AHCYL1,ENSG00000168710,Gene Expression
Astrocyte,CSRP1,ENSG00000159176,Gene Expression
Astrocyte,TTYH1,ENSG00000167614,Gene Expression
Astrocyte,TPD52L1,ENSG00000111907,Gene Expression
Astrocyte,DTNA,ENSG00000134769,Gene Expression
Astrocyte,GJB6,ENSG00000121742,Gene Expression
Astrocyte,PTGDS,ENSG00000107317,Gene Expression
Astrocyte,GRAMD2B,ENSG00000155324,Gene Expression
Astrocyte,GPR37L1,ENSG00000170075,Gene Expression
Astrocyte,HTRA1,ENSG00000166033,Gene Expression
Astrocyte,SCG3,ENSG00000104112,Gene Expression
Astrocyte,CNN3,ENSG00000117519,Gene Expression
Astrocyte,S100B,ENSG00000160307,Gene Expression
Astrocyte,SLC25A18,ENSG00000182902,Gene Expression
Astrocyte,MGLL,ENSG00000074416,Gene Expression
Astrocyte,TSC22D1,ENSG00000102804,Gene Expression
Astrocyte,TUBB2B,ENSG00000137285,Gene Expression
Astrocyte,GPM6B,ENSG00000046653,Gene Expression
Oligodendrocyte,PLP1,ENSG00000123560,Gene Expression
Oligodendrocyte,PTGDS,ENSG00000107317,Gene Expression
Oligodendrocyte,PPP1R14A,ENSG00000167641,Gene Expression
Oligodendrocyte,MBP,ENSG00000197971,Gene Expression
Oligodendrocyte,TF,ENSG00000091513,Gene Expression
Oligodendrocyte,CNP,ENSG00000173786,Gene Expression
Oligodendrocyte,QDPR,ENSG00000151552,Gene Expression
Oligodendrocyte,CLDND1,ENSG00000080822,Gene Expression
Oligodendrocyte,MAG,ENSG00000105695,Gene Expression
Oligodendrocyte,APLP1,ENSG00000105290,Gene Expression
Oligodendrocyte,SELENOP,ENSG00000250722,Gene Expression
Oligodendrocyte,CLDN11,ENSG00000013297,Gene Expression
Oligodendrocyte,CRYAB,ENSG00000109846,Gene Expression
Oligodendrocyte,APOD,ENSG00000189058,Gene Expression
Oligodendrocyte,ERMN,ENSG00000136541,Gene Expression
Oligodendrocyte,CNDP1,ENSG00000150656,Gene Expression
Oligodendrocyte,TMEM144,ENSG00000164124,Gene Expression
Oligodendrocyte,S100B,ENSG00000160307,Gene Expression
Oligodendrocyte,S100A1,ENSG00000160678,Gene Expression
Oligodendrocyte,GSN,ENSG00000148180,Gene Expression
Oligodendrocyte,SCD,ENSG00000099194,Gene Expression
Oligodendrocyte,TUBB4A,ENSG00000104833,Gene Expression
Oligodendrocyte,GPM6B,ENSG00000046653,Gene Expression
Oligodendrocyte,KLK6,ENSG00000167755,Gene Expression
Oligodendrocyte,SLC44A1,ENSG00000070214,Gene Expression
Oligodendrocyte,RNASE1,ENSG00000129538,Gene Expression
Oligodendrocyte,FEZ1,ENSG00000149557,Gene Expression
Oligodendrocyte,SEPTIN4,ENSG00000108387,Gene Expression
Oligodendrocyte,MOG,ENSG00000204655,Gene Expression
Oligodendrocyte,ENPP2,ENSG00000136960,Gene Expression
Oligodendrocyte,MOBP,ENSG00000168314,Gene Expression
Oligodendrocyte,EDIL3,ENSG00000164176,Gene Expression
Oligodendrocyte,CAMK2N1,ENSG00000162545,Gene Expression
Oligodendrocyte,ATP1B1,ENSG00000143153,Gene Expression
Oligodendrocyte,SLAIN1,ENSG00000139737,Gene Expression
Oligodendrocyte,PLAAT3,ENSG00000176485,Gene Expression
Oligodendrocyte,LARP6,ENSG00000166173,Gene Expression
Oligodendrocyte,CA2,ENSG00000104267,Gene Expression
Oligodendrocyte,ABCA2,ENSG00000107331,Gene Expression
Oligodendrocyte,LHPP,ENSG00000107902,Gene Expression
Oligodendrocyte,NKX6-2,ENSG00000148826,Gene Expression
Oligodendrocyte,ANLN,ENSG00000011426,Gene Expression
Oligodendrocyte,PIP4K2A,ENSG00000150867,Gene Expression
Oligodendrocyte,PLEKHB1,ENSG00000021300,Gene Expression
Oligodendrocyte,PLLP,ENSG00000102934,Gene Expression
Oligodendrocyte,AMER2,ENSG00000165566,Gene Expression
Oligodendrocyte,EFHD1,ENSG00000115468,Gene Expression
Oligodendrocyte,MAL,ENSG00000172005,Gene Expression
Oligodendrocyte,TTLL7,ENSG00000137941,Gene Expression
Oligodendrocyte,CNTN2,ENSG00000184144,Gene Expression
OPC,APOD,ENSG00000189058,Gene Expression
OPC,VCAN,ENSG00000038427,Gene Expression
OPC,ALDOC,ENSG00000109107,Gene Expression
OPC,HTRA1,ENSG00000166033,Gene Expression
OPC,BCAN,ENSG00000132692,Gene Expression
OPC,TSPAN7,ENSG00000156298,Gene Expression
OPC,PLLP,ENSG00000102934,Gene Expression
OPC,SCD5,ENSG00000145284,Gene Expression
OPC,MEG3,ENSG00000214548,Gene Expression
OPC,CDR1,ENSG00000184258,Gene Expression
OPC,PTPRZ1,ENSG00000106278,Gene Expression
OPC,SPOCK1,ENSG00000152377,Gene Expression
OPC,TNR,ENSG00000116147,Gene Expression
OPC,DNER,ENSG00000187957,Gene Expression
OPC,PDZD2,ENSG00000133401,Gene Expression
OPC,MEGF11,ENSG00000157890,Gene Expression
OPC,NRCAM,ENSG00000091129,Gene Expression
OPC,TSC22D1,ENSG00000102804,Gene Expression
OPC,GPR17,ENSG00000144230,Gene Expression
OPC,SLC22A17,ENSG00000092096,Gene Expression
OPC,SULF2,ENSG00000196562,Gene Expression
OPC,EPN2,ENSG00000072134,Gene Expression
OPC,OLIG1,ENSG00000184221,Gene Expression
OPC,PDGFRA,ENSG00000134853,Gene Expression
OPC,GPRC5B,ENSG00000167191,Gene Expression
OPC,SLC1A2,ENSG00000110436,Gene Expression
OPC,SEMA5A,ENSG00000112902,Gene Expression
OPC,ATCAY,ENSG00000167654,Gene Expression
OPC,ZNF462,ENSG00000148143,Gene Expression
OPC,SERPINE2,ENSG00000135919,Gene Expression
OPC,CSPG4,ENSG00000173546,Gene Expression
OPC,NCAM1,ENSG00000149294,Gene Expression
OPC,CD82,ENSG00000085117,Gene Expression
OPC,SNX22,ENSG00000157734,Gene Expression
OPC,OMG,ENSG00000126861,Gene Expression
OPC,FXYD6,ENSG00000137726,Gene Expression
OPC,HIP1R,ENSG00000130787,Gene Expression
OPC,SDC3,ENSG00000162512,Gene Expression
OPC,GPR37L1,ENSG00000170075,Gene Expression
OPC,GPM6A,ENSG00000150625,Gene Expression
OPC,CHL1,ENSG00000134121,Gene Expression
OPC,LHFPL3,ENSG00000187416,Gene Expression
OPC,SMOC1,ENSG00000198732,Gene Expression
OPC,GRIA2,ENSG00000120251,Gene Expression
OPC,SLC6A1,ENSG00000157103,Gene Expression
OPC,MTSS1,ENSG00000170873,Gene Expression
OPC,CA10,ENSG00000154975,Gene Expression
OPC,MSMO1,ENSG00000052802,Gene Expression
OPC,SLC35F1,ENSG00000196376,Gene Expression
OPC,THY1,ENSG00000154096,Gene Expression
Neuron,CXCL14,ENSG00000145824,Gene Expression
Neuron,MEG3,ENSG00000214548,Gene Expression
Neuron,CCK,ENSG00000187094,Gene Expression
Neuron,SNAP25,ENSG00000132639,Gene Expression
Neuron,RTN1,ENSG00000139970,Gene Expression
Neuron,CDR1,ENSG00000184258,Gene Expression
Neuron,TMEM130,ENSG00000166448,Gene Expression
Neuron,GAD1,ENSG00000128683,Gene Expression
Neuron,SCG2,ENSG00000171951,Gene Expression
Neuron,ALDOC,ENSG00000109107,Gene Expression
Neuron,TSPAN7,ENSG00000156298,Gene Expression
Neuron,CALB2,ENSG00000172137,Gene Expression
Neuron,SLC6A1,ENSG00000157103,Gene Expression
Neuron,SYNPR,ENSG00000163630,Gene Expression
Neuron,CNTNAP2,ENSG00000174469,Gene Expression
Neuron,NDRG4,ENSG00000103034,Gene Expression
Neuron,SYT1,ENSG00000067715,Gene Expression
Neuron,ENO2,ENSG00000111674,Gene Expression
Neuron,FXYD6,ENSG00000137726,Gene Expression
Neuron,DKK3,ENSG00000050165,Gene Expression
Neuron,NAP1L3,ENSG00000186310,Gene Expression
Neuron,FAIM2,ENSG00000135472,Gene Expression
Neuron,TUBB2A,ENSG00000137267,Gene Expression
Neuron,SPOCK1,ENSG00000152377,Gene Expression
Neuron,SLC22A17,ENSG00000092096,Gene Expression
Neuron,TUBB4A,ENSG00000104833,Gene Expression
Neuron,DNER,ENSG00000187957,Gene Expression
Neuron,UCHL1,ENSG00000154277,Gene Expression
Neuron,SCG5,ENSG00000166922,Gene Expression
Neuron,SYNGR3,ENSG00000127561,Gene Expression
Neuron,RCAN2,ENSG00000172348,Gene Expression
Neuron,RELN,ENSG00000189056,Gene Expression
Neuron,CAMK2B,ENSG00000058404,Gene Expression
Neuron,TAGLN3,ENSG00000144834,Gene Expression
Neuron,THY1,ENSG00000154096,Gene Expression
Neuron,MAP1B,ENSG00000131711,Gene Expression
Neuron,TSC22D1,ENSG00000102804,Gene Expression
Neuron,OLFM1,ENSG00000130558,Gene Expression
Neuron,STMN1,ENSG00000117632,Gene Expression
Neuron,TSPYL2,ENSG00000184205,Gene Expression
Neuron,ATP1B1,ENSG00000143153,Gene Expression
Neuron,CYFIP2,ENSG00000055163,Gene Expression
Neuron,RPH3A,ENSG00000089169,Gene Expression
Neuron,GAD2,ENSG00000136750,Gene Expression
Neuron,MAP1A,ENSG00000166963,Gene Expression
Neuron,PHYHIPL,ENSG00000165443,Gene Expression
Neuron,KIF1A,ENSG00000130294,Gene Expression
Neuron,DPP6,ENSG00000130226,Gene Expression
Neuron,SCN2A,ENSG00000136531,Gene Expression
Neuron,PCLO,ENSG00000186472,Gene Expression
RG,SOX4,ENSG00000124766,Gene Expression
RG,HES1,ENSG00000114315,Gene Expression
RG,H2AZ1,ENSG00000164032,Gene Expression
RG,EMX2,ENSG00000170370,Gene Expression
RG,MIR9-1HG,ENSG00000125462,Gene Expression
RG,H4C3,ENSG00000197061,Gene Expression
RG,HMGB2,ENSG00000164104,Gene Expression
RG,STMN1,ENSG00000117632,Gene Expression
RG,CENPW,ENSG00000203760,Gene Expression
RG,TUBB,ENSG00000196230,Gene Expression
RG,TUBA1A,ENSG00000167552,Gene Expression
RG,LINC01551,ENSG00000186960,Gene Expression
RG,PTTG1,ENSG00000164611,Gene Expression
RG,PCLAF,ENSG00000166803,Gene Expression
RG,CENPF,ENSG00000117724,Gene Expression
RG,HMGB3,ENSG00000029993,Gene Expression
RG,TMSB15A,ENSG00000158164,Gene Expression
RG,KPNA2,ENSG00000182481,Gene Expression
RG,TMEM161B-AS1,ENSG00000247828,Gene Expression
RG,FABP7,ENSG00000164434,Gene Expression
RG,SOX11,ENSG00000176887,Gene Expression
RG,TOP2A,ENSG00000131747,Gene Expression
RG,TUBA1B,ENSG00000123416,Gene Expression
RG,CKS1B,ENSG00000173207,Gene Expression
RG,NUSAP1,ENSG00000137804,Gene Expression
RG,UBE2T,ENSG00000077152,Gene Expression
RG,TAGLN3,ENSG00000144834,Gene Expression
RG,KNOP1,ENSG00000103550,Gene Expression
RG,RBM4,ENSG00000173933,Gene Expression
RG,HSP90AA1,ENSG00000080824,Gene Expression
RG,LIX1,ENSG00000145721,Gene Expression
RG,STMN4,ENSG00000015592,Gene Expression
RG,PEG10,ENSG00000242265,Gene Expression
RG,CSRP2,ENSG00000175183,Gene Expression
RG,CCNB2,ENSG00000157456,Gene Expression
RG,NNAT,ENSG00000053438,Gene Expression
RG,PHGDH,ENSG00000092621,Gene Expression
RG,HMGN2,ENSG00000198830,Gene Expression
RG,CDK1,ENSG00000170312,Gene Expression
RG,BIRC5,ENSG00000089685,Gene Expression
RG,CKS2,ENSG00000123975,Gene Expression
RG,GINS2,ENSG00000131153,Gene Expression
RG,MAP1B,ENSG00000131711,Gene Expression
RG,MSMO1,ENSG00000052802,Gene Expression
RG,TLE4,ENSG00000106829,Gene Expression
RG,ACAT2,ENSG00000120437,Gene Expression
RG,MCM7,ENSG00000166508,Gene Expression
RG,MLLT11,ENSG00000213190,Gene Expression
RG,PCNA,ENSG00000132646,Gene Expression
RG,C3orf14,ENSG00000114405,Gene Expression
Mono,S100A9,ENSG00000163220,Gene Expression
Mono,S100A8,ENSG00000143546,Gene Expression
Mono,LYZ,ENSG00000090382,Gene Expression
Mono,VCAN,ENSG00000038427,Gene Expression
Mono,CXCL2,ENSG00000081041,Gene Expression
Mono,TIMP1,ENSG00000102265,Gene Expression
Mono,CXCL3,ENSG00000163734,Gene Expression
Mono,CXCL8,ENSG00000169429,Gene Expression
Mono,S100A4,ENSG00000196154,Gene Expression
Mono,FCN1,ENSG00000085265,Gene Expression
Mono,CTSS,ENSG00000163131,Gene Expression
Mono,S100A12,ENSG00000163221,Gene Expression
Mono,C15orf48,ENSG00000166920,Gene Expression
Mono,FTL,ENSG00000087086,Gene Expression
Mono,S100A10,ENSG00000197747,Gene Expression
Mono,EREG,ENSG00000124882,Gene Expression
Mono,SERPINA1,ENSG00000197249,Gene Expression
Mono,S100A11,ENSG00000163191,Gene Expression
Mono,AIF1,ENSG00000204472,Gene Expression
Mono,TYMP,ENSG00000025708,Gene Expression
Mono,PLIN2,ENSG00000147872,Gene Expression
Mono,TGFBI,ENSG00000120708,Gene Expression
Mono,MNDA,ENSG00000163563,Gene Expression
Mono,TYROBP,ENSG00000011600,Gene Expression
Mono,THBS1,ENSG00000137801,Gene Expression
Mono,CD163,ENSG00000177575,Gene Expression
Mono,BCL2A1,ENSG00000140379,Gene Expression
Mono,NAMPT,ENSG00000105835,Gene Expression
Mono,CTSD,ENSG00000117984,Gene Expression
Mono,G0S2,ENSG00000123689,Gene Expression
Mono,FTH1,ENSG00000167996,Gene Expression
Mono,FCER1G,ENSG00000158869,Gene Expression
Mono,LST1,ENSG00000204482,Gene Expression
Mono,CTSB,ENSG00000164733,Gene Expression
Mono,PLAUR,ENSG00000011422,Gene Expression
Mono,SRGN,ENSG00000122862,Gene Expression
Mono,SH3BGRL3,ENSG00000142669,Gene Expression
Mono,CEBPB,ENSG00000172216,Gene Expression
Mono,MS4A6A,ENSG00000110077,Gene Expression
Mono,HLA-DRA,ENSG00000204287,Gene Expression
Mono,CYBA,ENSG00000051523,Gene Expression
Mono,CD14,ENSG00000170458,Gene Expression
Mono,CTSZ,ENSG00000101160,Gene Expression
Mono,HLA-DRB1,ENSG00000196126,Gene Expression
Mono,CFD,ENSG00000197766,Gene Expression
Mono,C1orf162,ENSG00000143110,Gene Expression
Mono,FN1,ENSG00000115414,Gene Expression
Mono,RNASE1,ENSG00000129538,Gene Expression
Mono,GPNMB,ENSG00000136235,Gene Expression
Mono,TXNIP,ENSG00000265972,Gene Expression
TAM-BDM,CD74,ENSG00000019582,Gene Expression
TAM-BDM,C1QA,ENSG00000173372,Gene Expression
TAM-BDM,HLA-DRA,ENSG00000204287,Gene Expression
TAM-BDM,C1QC,ENSG00000159189,Gene Expression
TAM-BDM,C1QB,ENSG00000173369,Gene Expression
TAM-BDM,FTL,ENSG00000087086,Gene Expression
TAM-BDM,APOC1,ENSG00000130208,Gene Expression
TAM-BDM,HLA-DPA1,ENSG00000231389,Gene Expression
TAM-BDM,TYROBP,ENSG00000011600,Gene Expression
TAM-BDM,HLA-DPB1,ENSG00000223865,Gene Expression
TAM-BDM,HLA-DRB1,ENSG00000196126,Gene Expression
TAM-BDM,HLA-DRB5,ENSG00000198502,Gene Expression
TAM-BDM,FCGBP,ENSG00000275395,Gene Expression
TAM-BDM,SAT1,ENSG00000130066,Gene Expression
TAM-BDM,APOE,ENSG00000130203,Gene Expression
TAM-BDM,NPC2,ENSG00000119655,Gene Expression
TAM-BDM,CD14,ENSG00000170458,Gene Expression
TAM-BDM,FCER1G,ENSG00000158869,Gene Expression
TAM-BDM,SPP1,ENSG00000118785,Gene Expression
TAM-BDM,CTSB,ENSG00000164733,Gene Expression
TAM-BDM,HMOX1,ENSG00000100292,Gene Expression
TAM-BDM,HLA-DQB1,ENSG00000179344,Gene Expression
TAM-BDM,CXCL8,ENSG00000169429,Gene Expression
TAM-BDM,RGS1,ENSG00000090104,Gene Expression
TAM-BDM,HLA-DQA1,ENSG00000196735,Gene Expression
TAM-BDM,PLIN2,ENSG00000147872,Gene Expression
TAM-BDM,AIF1,ENSG00000204472,Gene Expression
TAM-BDM,FCGR3A,ENSG00000203747,Gene Expression
TAM-BDM,MS4A6A,ENSG00000110077,Gene Expression
TAM-BDM,IER3,ENSG00000137331,Gene Expression
TAM-BDM,SRGN,ENSG00000122862,Gene Expression
TAM-BDM,CTSD,ENSG00000117984,Gene Expression
TAM-BDM,CD163,ENSG00000177575,Gene Expression
TAM-BDM,PSAP,ENSG00000197746,Gene Expression
TAM-BDM,ALOX5AP,ENSG00000132965,Gene Expression
TAM-BDM,CD68,ENSG00000129226,Gene Expression
TAM-BDM,MS4A7,ENSG00000166927,Gene Expression
TAM-BDM,S100A11,ENSG00000163191,Gene Expression
TAM-BDM,RNASET2,ENSG00000026297,Gene Expression
TAM-BDM,LAPTM5,ENSG00000162511,Gene Expression
TAM-BDM,C3,ENSG00000125730,Gene Expression
TAM-BDM,HLA-DMA,ENSG00000204257,Gene Expression
TAM-BDM,PLAUR,ENSG00000011422,Gene Expression
TAM-BDM,GPNMB,ENSG00000136235,Gene Expression
TAM-BDM,CCL3,ENSG00000277632,Gene Expression
TAM-BDM,VSIG4,ENSG00000155659,Gene Expression
TAM-BDM,SGK1,ENSG00000118515,Gene Expression
TAM-BDM,FTH1,ENSG00000167996,Gene Expression
TAM-BDM,RNASE1,ENSG00000129538,Gene Expression
TAM-MG,CCL3,ENSG00000277632,Gene Expression
TAM-MG,CCL3L3,ENSG00000276085,Gene Expression
TAM-MG,SPP1,ENSG00000118785,Gene Expression
TAM-MG,CCL4L2,ENSG00000276070,Gene Expression
TAM-MG,CCL4,ENSG00000275302,Gene Expression
TAM-MG,C1QB,ENSG00000173369,Gene Expression
TAM-MG,APOC1,ENSG00000130208,Gene Expression
TAM-MG,APOE,ENSG00000130203,Gene Expression
TAM-MG,C1QC,ENSG00000159189,Gene Expression
TAM-MG,TREM2,ENSG00000095970,Gene Expression
TAM-MG,C1QA,ENSG00000173372,Gene Expression
TAM-MG,RNASET2,ENSG00000026297,Gene Expression
TAM-MG,CH25H,ENSG00000138135,Gene Expression
TAM-MG,IL1B,ENSG00000125538,Gene Expression
TAM-MG,C3,ENSG00000125730,Gene Expression
TAM-MG,HAMP,ENSG00000105697,Gene Expression
TAM-MG,CD83,ENSG00000112149,Gene Expression
TAM-MG,AIF1,ENSG00000204472,Gene Expression
TAM-MG,CD74,ENSG00000019582,Gene Expression
TAM-MG,GPR34,ENSG00000171659,Gene Expression
TAM-MG,DUSP1,ENSG00000120129,Gene Expression
TAM-MG,RGS1,ENSG00000090104,Gene Expression
TAM-MG,FCGR1A,ENSG00000150337,Gene Expression
TAM-MG,TYROBP,ENSG00000011600,Gene Expression
TAM-MG,CD14,ENSG00000170458,Gene Expression
TAM-MG,FCER1G,ENSG00000158869,Gene Expression
TAM-MG,TMIGD3,ENSG00000121933,Gene Expression
TAM-MG,VSIG4,ENSG00000155659,Gene Expression
TAM-MG,FTL,ENSG00000087086,Gene Expression
TAM-MG,CX3CR1,ENSG00000168329,Gene Expression
TAM-MG,OLR1,ENSG00000173391,Gene Expression
TAM-MG,CSF1R,ENSG00000182578,Gene Expression
TAM-MG,HLA-DRA,ENSG00000204287,Gene Expression
TAM-MG,NPC2,ENSG00000119655,Gene Expression
TAM-MG,MEF2C,ENSG00000081189,Gene Expression
TAM-MG,KLF6,ENSG00000067082,Gene Expression
TAM-MG,MS4A7,ENSG00000166927,Gene Expression
TAM-MG,HLA-DRB1,ENSG00000196126,Gene Expression
TAM-MG,LILRB4,ENSG00000186818,Gene Expression
TAM-MG,IER3,ENSG00000137331,Gene Expression
TAM-MG,IFI27,ENSG00000165949,Gene Expression
TAM-MG,HLA-DPA1,ENSG00000231389,Gene Expression
TAM-MG,SAT1,ENSG00000130066,Gene Expression
TAM-MG,A2M,ENSG00000175899,Gene Expression
TAM-MG,FCGR3A,ENSG00000203747,Gene Expression
TAM-MG,SGK1,ENSG00000118515,Gene Expression
TAM-MG,CCL2,ENSG00000108691,Gene Expression
TAM-MG,RGS10,ENSG00000148908,Gene Expression
TAM-MG,KLF2,ENSG00000127528,Gene Expression
DC,HLA-DPB1,ENSG00000223865,Gene Expression
DC,HLA-DQA1,ENSG00000196735,Gene Expression
DC,GZMB,ENSG00000100453,Gene Expression
DC,HLA-DRA,ENSG00000204287,Gene Expression
DC,HLA-DQB1,ENSG00000179344,Gene Expression
DC,HLA-DRB1,ENSG00000196126,Gene Expression
DC,HLA-DPA1,ENSG00000231389,Gene Expression
DC,FCER1A,ENSG00000179639,Gene Expression
DC,AREG,ENSG00000109321,Gene Expression
DC,JCHAIN,ENSG00000132465,Gene Expression
DC,PLAC8,ENSG00000145287,Gene Expression
DC,LYZ,ENSG00000090382,Gene Expression
DC,CD74,ENSG00000019582,Gene Expression
DC,GPR183,ENSG00000169508,Gene Expression
DC,C15orf48,ENSG00000166920,Gene Expression
DC,IRF7,ENSG00000185507,Gene Expression
DC,LSP1,ENSG00000130592,Gene Expression
DC,IRF8,ENSG00000140968,Gene Expression
DC,RGS2,ENSG00000116741,Gene Expression
DC,MS4A6A,ENSG00000110077,Gene Expression
DC,HERPUD1,ENSG00000051108,Gene Expression
DC,HLA-DMA,ENSG00000204257,Gene Expression
DC,JAML,ENSG00000160593,Gene Expression
DC,HLA-DRB5,ENSG00000198502,Gene Expression
DC,C1orf162,ENSG00000143110,Gene Expression
DC,RNASE6,ENSG00000169413,Gene Expression
DC,CPVL,ENSG00000106066,Gene Expression
DC,CYBA,ENSG00000051523,Gene Expression
DC,CST3,ENSG00000101439,Gene Expression
DC,HLA-DQA2,ENSG00000237541,Gene Expression
DC,PLD4,ENSG00000166428,Gene Expression
DC,SERPINF1,ENSG00000132386,Gene Expression
DC,COTL1,ENSG00000103187,Gene Expression
DC,CLEC10A,ENSG00000132514,Gene Expression
DC,LST1,ENSG00000204482,Gene Expression
DC,SPINT2,ENSG00000167642,Gene Expression
DC,VAMP8,ENSG00000118640,Gene Expression
DC,MNDA,ENSG00000163563,Gene Expression
DC,CTSH,ENSG00000103811,Gene Expression
DC,CLIC3,ENSG00000169583,Gene Expression
DC,S100A4,ENSG00000196154,Gene Expression
DC,MYL12A,ENSG00000101608,Gene Expression
DC,FGL2,ENSG00000127951,Gene Expression
DC,C12orf75,ENSG00000235162,Gene Expression
DC,ALOX5AP,ENSG00000132965,Gene Expression
DC,CXCR4,ENSG00000121966,Gene Expression
DC,SAMHD1,ENSG00000101347,Gene Expression
DC,FCGR2B,ENSG00000072694,Gene Expression
DC,CD1C,ENSG00000158481,Gene Expression
DC,UCP2,ENSG00000175567,Gene Expression
Mast,HBA2,ENSG00000188536,Gene Expression
Mast,HBB,ENSG00000244734,Gene Expression
Mast,TPSAB1,ENSG00000172236,Gene Expression
Mast,TPSB2,ENSG00000197253,Gene Expression
Mast,HPGD,ENSG00000164120,Gene Expression
Mast,CPA3,ENSG00000163751,Gene Expression
Mast,HPGDS,ENSG00000163106,Gene Expression
Mast,MS4A2,ENSG00000149534,Gene Expression
Mast,VWA5A,ENSG00000110002,Gene Expression
Mast,ANXA1,ENSG00000135046,Gene Expression
Mast,AREG,ENSG00000109321,Gene Expression
Mast,SLC18A2,ENSG00000165646,Gene Expression
Mast,CD69,ENSG00000110848,Gene Expression
Mast,RHEX,ENSG00000263961,Gene Expression
Mast,GATA2,ENSG00000179348,Gene Expression
Mast,SAMSN1,ENSG00000155307,Gene Expression
Mast,S100A4,ENSG00000196154,Gene Expression
Mast,HDC,ENSG00000140287,Gene Expression
Mast,LTC4S,ENSG00000213316,Gene Expression
Mast,CAPG,ENSG00000042493,Gene Expression
Mast,KIT,ENSG00000157404,Gene Expression
Mast,RGS13,ENSG00000127074,Gene Expression
Mast,CD52,ENSG00000169442,Gene Expression
Mast,RAC2,ENSG00000128340,Gene Expression
Mast,IL1RL1,ENSG00000115602,Gene Expression
Mast,IFITM2,ENSG00000185201,Gene Expression
Mast,ALOX5AP,ENSG00000132965,Gene Expression
Mast,S100A6,ENSG00000197956,Gene Expression
Mast,MAOB,ENSG00000069535,Gene Expression
Mast,SRGN,ENSG00000122862,Gene Expression
Mast,GRAP2,ENSG00000100351,Gene Expression
Mast,ALDH1A1,ENSG00000165092,Gene Expression
Mast,FCER1G,ENSG00000158869,Gene Expression
Mast,ARHGDIB,ENSG00000111348,Gene Expression
Mast,FXYD5,ENSG00000089327,Gene Expression
Mast,LAT,ENSG00000213658,Gene Expression
Mast,BTK,ENSG00000010671,Gene Expression
Mast,RGS2,ENSG00000116741,Gene Expression
Mast,ACSL4,ENSG00000068366,Gene Expression
Mast,SLC45A3,ENSG00000158715,Gene Expression
Mast,SH3BGRL3,ENSG00000142669,Gene Expression
Mast,CD9,ENSG00000010278,Gene Expression
Mast,CAVIN2,ENSG00000168497,Gene Expression
Mast,FOXP1,ENSG00000114861,Gene Expression
Mast,VIM,ENSG00000026025,Gene Expression
Mast,GMPR,ENSG00000137198,Gene Expression
Mast,ALOX5,ENSG00000012779,Gene Expression
Mast,BACE2,ENSG00000182240,Gene Expression
Mast,FCER1A,ENSG00000179639,Gene Expression
Mast,BHLHE40,ENSG00000134107,Gene Expression
CD4/CD8,CCL5,ENSG00000271503,Gene Expression
CD4/CD8,IL32,ENSG00000008517,Gene Expression
CD4/CD8,CD52,ENSG00000169442,Gene Expression
CD4/CD8,GZMA,ENSG00000145649,Gene Expression
CD4/CD8,NKG7,ENSG00000105374,Gene Expression
CD4/CD8,GZMK,ENSG00000113088,Gene Expression
CD4/CD8,CD3D,ENSG00000167286,Gene Expression
CD4/CD8,CD3E,ENSG00000198851,Gene Expression
CD4/CD8,CD2,ENSG00000116824,Gene Expression
CD4/CD8,IFITM1,ENSG00000185885,Gene Expression
CD4/CD8,TRAC,ENSG00000277734,Gene Expression
CD4/CD8,LTB,ENSG00000227507,Gene Expression
CD4/CD8,CST7,ENSG00000077984,Gene Expression
CD4/CD8,PTPRCAP,ENSG00000213402,Gene Expression
CD4/CD8,TRBC2,ENSG00000211772,Gene Expression
CD4/CD8,S100A4,ENSG00000196154,Gene Expression
CD4/CD8,CD8A,ENSG00000153563,Gene Expression
CD4/CD8,IL7R,ENSG00000168685,Gene Expression
CD4/CD8,CXCR4,ENSG00000121966,Gene Expression
CD4/CD8,RAC2,ENSG00000128340,Gene Expression
CD4/CD8,TRBC1,ENSG00000211751,Gene Expression
CD4/CD8,CRIP1,ENSG00000213145,Gene Expression
CD4/CD8,GZMH,ENSG00000100450,Gene Expression
CD4/CD8,MT-ATP8,ENSG00000228253,Gene Expression
CD4/CD8,BTG1,ENSG00000133639,Gene Expression
CD4/CD8,ZFP36L2,ENSG00000152518,Gene Expression
CD4/CD8,CD69,ENSG00000110848,Gene Expression
CD4/CD8,MYL12A,ENSG00000101608,Gene Expression
CD4/CD8,CORO1A,ENSG00000102879,Gene Expression
CD4/CD8,PTPRC,ENSG00000081237,Gene Expression
CD4/CD8,DUSP2,ENSG00000158050,Gene Expression
CD4/CD8,ARHGDIB,ENSG00000111348,Gene Expression
CD4/CD8,SH3BGRL3,ENSG00000142669,Gene Expression
CD4/CD8,HCST,ENSG00000126264,Gene Expression
CD4/CD8,CTSW,ENSG00000172543,Gene Expression
CD4/CD8,CD7,ENSG00000173762,Gene Expression
CD4/CD8,ISG20,ENSG00000172183,Gene Expression
CD4/CD8,TXNIP,ENSG00000265972,Gene Expression
CD4/CD8,CD3G,ENSG00000160654,Gene Expression
CD4/CD8,PLAAT4,ENSG00000133321,Gene Expression
CD4/CD8,TSC22D3,ENSG00000157514,Gene Expression
CD4/CD8,HLA-C,ENSG00000204525,Gene Expression
CD4/CD8,HLA-B,ENSG00000234745,Gene Expression
CD4/CD8,IFITM2,ENSG00000185201,Gene Expression
CD4/CD8,CD48,ENSG00000117091,Gene Expression
CD4/CD8,LCK,ENSG00000182866,Gene Expression
CD4/CD8,B2M,ENSG00000166710,Gene Expression
CD4/CD8,TUBA4A,ENSG00000127824,Gene Expression
CD4/CD8,CD8B,ENSG00000172116,Gene Expression
CD4/CD8,CYTIP,ENSG00000115165,Gene Expression
NK,GNLY,ENSG00000115523,Gene Expression
NK,NKG7,ENSG00000105374,Gene Expression
NK,CD7,ENSG00000173762,Gene Expression
NK,KLRB1,ENSG00000111796,Gene Expression
NK,CCL5,ENSG00000271503,Gene Expression
NK,CTSW,ENSG00000172543,Gene Expression
NK,XCL2,ENSG00000143185,Gene Expression
NK,XCL1,ENSG00000143184,Gene Expression
NK,TRDC,ENSG00000211829,Gene Expression
NK,KLRD1,ENSG00000134539,Gene Expression
NK,KLRC1,ENSG00000134545,Gene Expression
NK,GZMA,ENSG00000145649,Gene Expression
NK,IL2RB,ENSG00000100385,Gene Expression
NK,APOBEC3G,ENSG00000239713,Gene Expression
NK,IFITM2,ENSG00000185201,Gene Expression
NK,TNFRSF18,ENSG00000186891,Gene Expression
NK,KRT81,ENSG00000205426,Gene Expression
NK,HCST,ENSG00000126264,Gene Expression
NK,GZMB,ENSG00000100453,Gene Expression
NK,CD69,ENSG00000110848,Gene Expression
NK,AREG,ENSG00000109321,Gene Expression
NK,KRT86,ENSG00000170442,Gene Expression
NK,IL32,ENSG00000008517,Gene Expression
NK,CST7,ENSG00000077984,Gene Expression
NK,CD247,ENSG00000198821,Gene Expression
NK,CMC1,ENSG00000187118,Gene Expression
NK,PRF1,ENSG00000180644,Gene Expression
NK,CORO1A,ENSG00000102879,Gene Expression
NK,MYL12A,ENSG00000101608,Gene Expression
NK,MATK,ENSG00000007264,Gene Expression
NK,LY6E,ENSG00000160932,Gene Expression
NK,LSP1,ENSG00000130592,Gene Expression
NK,CLIC3,ENSG00000169583,Gene Expression
NK,DUSP2,ENSG00000158050,Gene Expression
NK,ZNF683,ENSG00000176083,Gene Expression
NK,IL2RG,ENSG00000147168,Gene Expression
NK,TMIGD2,ENSG00000167664,Gene Expression
NK,RAC2,ENSG00000128340,Gene Expression
NK,CD48,ENSG00000117091,Gene Expression
NK,CCL4,ENSG00000275302,Gene Expression
NK,HLA-C,ENSG00000204525,Gene Expression
NK,PLAAT4,ENSG00000133321,Gene Expression
NK,GZMM,ENSG00000197540,Gene Expression
NK,CD52,ENSG00000169442,Gene Expression
NK,CLEC2B,ENSG00000110852,Gene Expression
NK,LIMD2,ENSG00000136490,Gene Expression
NK,LTB,ENSG00000227507,Gene Expression
NK,ACAP1,ENSG00000072818,Gene Expression
NK,HOPX,ENSG00000171476,Gene Expression
NK,ISG15,ENSG00000187608,Gene Expression
B cell,IGKC,ENSG00000211592,Gene Expression
B cell,CD79A,ENSG00000105369,Gene Expression
B cell,MS4A1,ENSG00000156738,Gene Expression
B cell,IGLC2,ENSG00000211677,Gene Expression
B cell,LTB,ENSG00000227507,Gene Expression
B cell,CD79B,ENSG00000007312,Gene Expression
B cell,IGHM,ENSG00000211899,Gene Expression
B cell,CD37,ENSG00000104894,Gene Expression
B cell,CD52,ENSG00000169442,Gene Expression
B cell,BANK1,ENSG00000153064,Gene Expression
B cell,CD69,ENSG00000110848,Gene Expression
B cell,CXCR4,ENSG00000121966,Gene Expression
B cell,HLA-DQA1,ENSG00000196735,Gene Expression
B cell,HLA-DQB1,ENSG00000179344,Gene Expression
B cell,CD48,ENSG00000117091,Gene Expression
B cell,LIMD2,ENSG00000136490,Gene Expression
B cell,HLA-DRA,ENSG00000204287,Gene Expression
B cell,SELL,ENSG00000188404,Gene Expression
B cell,CD74,ENSG00000019582,Gene Expression
B cell,BIRC3,ENSG00000023445,Gene Expression
B cell,SPIB,ENSG00000269404,Gene Expression
B cell,CORO1A,ENSG00000102879,Gene Expression
B cell,TNFRSF13C,ENSG00000159958,Gene Expression
B cell,POU2F2,ENSG00000028277,Gene Expression
B cell,PLAC8,ENSG00000145287,Gene Expression
B cell,BLK,ENSG00000136573,Gene Expression
B cell,CD24,ENSG00000272398,Gene Expression
B cell,BTG1,ENSG00000133639,Gene Expression
B cell,NCF1,ENSG00000158517,Gene Expression
B cell,TSC22D3,ENSG00000157514,Gene Expression
B cell,HLA-DPB1,ENSG00000223865,Gene Expression
B cell,RAC2,ENSG00000128340,Gene Expression
B cell,ISG20,ENSG00000172183,Gene Expression
B cell,TNFRSF13B,ENSG00000240505,Gene Expression
B cell,FCMR,ENSG00000162894,Gene Expression
B cell,HVCN1,ENSG00000122986,Gene Expression
B cell,FCRLA,ENSG00000132185,Gene Expression
B cell,PTPN6,ENSG00000111679,Gene Expression
B cell,RIPOR2,ENSG00000111913,Gene Expression
B cell,EVI2B,ENSG00000185862,Gene Expression
B cell,TXNIP,ENSG00000265972,Gene Expression
B cell,PDLIM1,ENSG00000107438,Gene Expression
B cell,GPSM3,ENSG00000213654,Gene Expression
B cell,LSP1,ENSG00000130592,Gene Expression
B cell,HLA-DRB5,ENSG00000198502,Gene Expression
B cell,JCHAIN,ENSG00000132465,Gene Expression
B cell,ARHGAP24,ENSG00000138639,Gene Expression
B cell,TNFAIP8,ENSG00000145779,Gene Expression
B cell,ICAM3,ENSG00000076662,Gene Expression
B cell,HLA-DPA1,ENSG00000231389,Gene Expression
Plasma B,IGKC,ENSG00000211592,Gene Expression
Plasma B,IGLC2,ENSG00000211677,Gene Expression
Plasma B,JCHAIN,ENSG00000132465,Gene Expression
Plasma B,IGHM,ENSG00000211899,Gene Expression
Plasma B,MZB1,ENSG00000170476,Gene Expression
Plasma B,XBP1,ENSG00000100219,Gene Expression
Plasma B,PTGDS,ENSG00000107317,Gene Expression
Plasma B,MBP,ENSG00000197971,Gene Expression
Plasma B,DERL3,ENSG00000099958,Gene Expression
Plasma B,PLP1,ENSG00000123560,Gene Expression
Plasma B,CRYAB,ENSG00000109846,Gene Expression
Plasma B,CD79A,ENSG00000105369,Gene Expression
Plasma B,RNASE1,ENSG00000129538,Gene Expression
Plasma B,PIM2,ENSG00000102096,Gene Expression
Plasma B,PLAAT3,ENSG00000176485,Gene Expression
Plasma B,CNP,ENSG00000173786,Gene Expression
Plasma B,LHPP,ENSG00000107902,Gene Expression
Plasma B,CLDND1,ENSG00000080822,Gene Expression
Plasma B,GPM6B,ENSG00000046653,Gene Expression
Plasma B,HERPUD1,ENSG00000051108,Gene Expression
Plasma B,CD38,ENSG00000004468,Gene Expression
Plasma B,CFL2,ENSG00000165410,Gene Expression
Plasma B,TENT5C,ENSG00000183508,Gene Expression
Plasma B,ISG20,ENSG00000172183,Gene Expression
Plasma B,EVI2A,ENSG00000126860,Gene Expression
Plasma B,FCRL5,ENSG00000143297,Gene Expression
Plasma B,CD27,ENSG00000139193,Gene Expression
Plasma B,PMP22,ENSG00000109099,Gene Expression
Plasma B,POU2AF1,ENSG00000110777,Gene Expression
Plasma B,SVIP,ENSG00000198168,Gene Expression
Plasma B,QDPR,ENSG00000151552,Gene Expression
Plasma B,SLAMF7,ENSG00000026751,Gene Expression
Plasma B,SELENOM,ENSG00000198832,Gene Expression
Plasma B,COMMD3,ENSG00000148444,Gene Expression
Mural cell,IGFBP7,ENSG00000163453,Gene Expression
Mural cell,FN1,ENSG00000115414,Gene Expression
Mural cell,SPARC,ENSG00000113140,Gene Expression
Mural cell,RGS5,ENSG00000143248,Gene Expression
Mural cell,COL4A1,ENSG00000187498,Gene Expression
Mural cell,COL1A2,ENSG00000164692,Gene Expression
Mural cell,MMP9,ENSG00000100985,Gene Expression
Mural cell,NDUFA4L2,ENSG00000185633,Gene Expression
Mural cell,TAGLN,ENSG00000149591,Gene Expression
Mural cell,CALD1,ENSG00000122786,Gene Expression
Mural cell,COL3A1,ENSG00000168542,Gene Expression
Mural cell,COL1A1,ENSG00000108821,Gene Expression
Mural cell,BGN,ENSG00000182492,Gene Expression
Mural cell,COL4A2,ENSG00000134871,Gene Expression
Mural cell,ACTA2,ENSG00000107796,Gene Expression
Mural cell,DCN,ENSG00000011465,Gene Expression
Mural cell,THY1,ENSG00000154096,Gene Expression
Mural cell,MIR4435-2HG,ENSG00000172965,Gene Expression
Mural cell,ITGB1,ENSG00000150093,Gene Expression
Mural cell,CYTOR,ENSG00000222041,Gene Expression
Mural cell,TIMP1,ENSG00000102265,Gene Expression
Mural cell,MGP,ENSG00000111341,Gene Expression
Mural cell,TPM2,ENSG00000198467,Gene Expression
Mural cell,MYL9,ENSG00000101335,Gene Expression
Mural cell,HIGD1B,ENSG00000131097,Gene Expression
Mural cell,UACA,ENSG00000137831,Gene Expression
Mural cell,IFITM3,ENSG00000142089,Gene Expression
Mural cell,SERPINH1,ENSG00000149257,Gene Expression
Mural cell,COL6A1,ENSG00000142156,Gene Expression
Mural cell,FSTL1,ENSG00000163430,Gene Expression
Mural cell,COL6A2,ENSG00000142173,Gene Expression
Mural cell,PDGFRB,ENSG00000113721,Gene Expression
Mural cell,LUM,ENSG00000139329,Gene Expression
Mural cell,FRZB,ENSG00000162998,Gene Expression
Mural cell,NOTCH3,ENSG00000074181,Gene Expression
Mural cell,PLXDC1,ENSG00000161381,Gene Expression
Mural cell,COL5A2,ENSG00000204262,Gene Expression
Mural cell,TPM4,ENSG00000167460,Gene Expression
Mural cell,COL18A1,ENSG00000182871,Gene Expression
Mural cell,PCOLCE,ENSG00000106333,Gene Expression
Mural cell,MCAM,ENSG00000076706,Gene Expression
Mural cell,TPM1,ENSG00000140416,Gene Expression
Mural cell,NID1,ENSG00000116962,Gene Expression
Mural cell,CCN2,ENSG00000118523,Gene Expression
Mural cell,IGFBP4,ENSG00000141753,Gene Expression
Mural cell,SPARCL1,ENSG00000152583,Gene Expression
Mural cell,ITGA1,ENSG00000213949,Gene Expression
Mural cell,EPAS1,ENSG00000116016,Gene Expression
Mural cell,C11orf96,ENSG00000187479,Gene Expression
Mural cell,LAMA4,ENSG00000112769,Gene Expression
Endothelial,IGFBP7,ENSG00000163453,Gene Expression
Endothelial,CLDN5,ENSG00000184113,Gene Expression
Endothelial,SPARC,ENSG00000113140,Gene Expression
Endothelial,ITM2A,ENSG00000078596,Gene Expression
Endothelial,CCN2,ENSG00000118523,Gene Expression
Endothelial,A2M,ENSG00000175899,Gene Expression
Endothelial,COL4A1,ENSG00000187498,Gene Expression
Endothelial,ANGPT2,ENSG00000091879,Gene Expression
Endothelial,CA2,ENSG00000104267,Gene Expression
Endothelial,IFI27,ENSG00000165949,Gene Expression
Endothelial,GNG11,ENSG00000127920,Gene Expression
Endothelial,VWF,ENSG00000110799,Gene Expression
Endothelial,COL4A2,ENSG00000134871,Gene Expression
Endothelial,RGCC,ENSG00000102760,Gene Expression
Endothelial,ESAM,ENSG00000149564,Gene Expression
Endothelial,APOLD1,ENSG00000178878,Gene Expression
Endothelial,HSPG2,ENSG00000142798,Gene Expression
Endothelial,SLC38A5,ENSG00000017483,Gene Expression
Endothelial,INSR,ENSG00000171105,Gene Expression
Endothelial,SPARCL1,ENSG00000152583,Gene Expression
Endothelial,ABCG2,ENSG00000118777,Gene Expression
Endothelial,ADGRL4,ENSG00000162618,Gene Expression
Endothelial,MFSD2A,ENSG00000168389,Gene Expression
Endothelial,TM4SF1,ENSG00000169908,Gene Expression
Endothelial,FLT1,ENSG00000102755,Gene Expression
Endothelial,EPAS1,ENSG00000116016,Gene Expression
Endothelial,EDN1,ENSG00000078401,Gene Expression
Endothelial,IFITM3,ENSG00000142089,Gene Expression
Endothelial,PECAM1,ENSG00000261371,Gene Expression
Endothelial,IGFBP3,ENSG00000146674,Gene Expression
Endothelial,TSC22D1,ENSG00000102804,Gene Expression
Endothelial,EGFL7,ENSG00000172889,Gene Expression
Endothelial,PODXL,ENSG00000128567,Gene Expression
Endothelial,CAVIN2,ENSG00000168497,Gene Expression
Endothelial,SLC9A3R2,ENSG00000065054,Gene Expression
Endothelial,FN1,ENSG00000115414,Gene Expression
Endothelial,SPINK8,ENSG00000229453,Gene Expression
Endothelial,SLC7A5,ENSG00000103257,Gene Expression
Endothelial,RAMP2,ENSG00000131477,Gene Expression
Endothelial,SLC2A1,ENSG00000117394,Gene Expression
Endothelial,MCAM,ENSG00000076706,Gene Expression
Endothelial,ENG,ENSG00000106991,Gene Expression
Endothelial,ITGB1,ENSG00000150093,Gene Expression
Endothelial,ADGRF5,ENSG00000069122,Gene Expression
Endothelial,PCAT19,ENSG00000267107,Gene Expression
Endothelial,APLN,ENSG00000171388,Gene Expression
Endothelial,C1orf54,ENSG00000118292,Gene Expression
Endothelial,STC1,ENSG00000159167,Gene Expression
Endothelial,TIMP3,ENSG00000100234,Gene Expression
Endothelial,CD93,ENSG00000125810,Gene Expression
